userSet,dbSet,collection,pValueLog,oddsRatio,support,rnkPV,rnkOR,rnkSup,maxRnk,meanRnk,b,c,d,description,cellType,tissue,antibody,treatment,dataSource,filename,qValue,size
1,6,ccre,1.2839635150466346,1.01803965985494,33539,1,1,1,1,1,37251,29715,33599,ccre,NA,NA,NA,NA,NA,dELS.bed,0.4680357147731438,448981
1,2,ccre,0.16945654047523076,0.9895989493209743,3667,2,2,4,4,2.67,4148,59587,66702,ccre,NA,NA,NA,NA,NA,DNase-H3K4me3.bed,1,16737
1,1,ccre,1.2627298106092637e-5,0.9467009810526568,12466,3,3,3,3,3,14587,50788,56263,ccre,NA,NA,NA,NA,NA,CTCF-only.bed,1,56766
1,4,ccre,5.2959593912007434e-8,0.7562077288256619,564,4,7,8,8,6.33,833,62690,70017,ccre,NA,NA,NA,NA,NA,PLS.bed,1,7582
1,3,ccre,2.9864257311791428e-12,0.8050810399660377,1703,5,5,7,7,5.67,2354,61551,68496,ccre,NA,NA,NA,NA,NA,DNase-H3K4me3_CTCF.bed,1,8800
1,7,ccre,-0,0.8969673279925345,18258,6,4,2,6,4,22068,44996,48782,ccre,NA,NA,NA,NA,NA,dELS_CTCF.bed,1,218618
1,8,ccre,-0,0.7727217613483676,3042,6,6,5,6,5.67,4348,60212,66502,ccre,NA,NA,NA,NA,NA,pELS.bed,1,64421
1,9,ccre,-0,0.6575269100792065,1839,6,8,6,8,6.67,3086,61415,67764,ccre,NA,NA,NA,NA,NA,pELS_CTCF.bed,1,77409
1,5,ccre,-0,0.48823522357216215,509,6,9,9,9,8,1158,62745,69692,ccre,NA,NA,NA,NA,NA,PLS_CTCF.bed,1,27221
